"label","P","V","S"
"P01-V01-S01","P01","V01","S01"
"P01-V01-S02","P01","V01","S02"
"P01-V01-S03","P01","V01","S03"
"P01-V01-S04","P01","V01","S04"
"P01-V01-S05","P01","V01","S05"
"P01-V01-S06","P01","V01","S06"
"P01-V01-S07","P01","V01","S07"
"P01-V01-S08","P01","V01","S08"
"P01-V01-S09","P01","V01","S09"
"P01-V01-S10","P01","V01","S10"
"P01-V01-S11","P01","V01","S11"
"P01-V01-S12","P01","V01","S12"
"P01-V02-S01","P01","V02","S01"
"P01-V02-S02","P01","V02","S02"
"P01-V02-S03","P01","V02","S03"
"P01-V02-S04","P01","V02","S04"
"P01-V02-S05","P01","V02","S05"
"P01-V02-S06","P01","V02","S06"
"P01-V02-S07","P01","V02","S07"
"P01-V02-S08","P01","V02","S08"
"P01-V02-S09","P01","V02","S09"
"P01-V02-S10","P01","V02","S10"
"P01-V02-S11","P01","V02","S11"
"P01-V02-S12","P01","V02","S12"
